id,first_name,last_name
S01,Justus,Linklet
S02,Theressa,Pechell
S03,Dita,Pyvis
S04,Linnell,Bernardotti
S05,Albina,Abramovitch
S06,Leland,Knight
S07,Bethany,Schwandt
S08,Kiri,Poyntz
S09,Carola,Bray
S10,Arly,Abell
S11,Joceline,O'Cuddie
S12,Clarine,Oakeshott
S13,Dorey,Simpson
S14,Byrom,Bernardo
S15,Odille,Bayless
S16,Basilius,Lowrance
S17,Ashien,Dufty
S18,Sibbie,Barabisch
S19,Odette,Allbut
S20,Ema,Lambertazzi
S21,Dwain,Wroughton
S22,Bridget,Nation
S23,Darb,Guarnier
S24,Starlin,Dobbyn
S25,Nissa,Clopton
S26,Marcie,Jaouen
S27,Sumner,Hayman
S28,Byrom,Simonds
S29,Dario,Fergie
S30,Kris,Helgass
S31,Hew,Savil
S32,Terrie,Coyett
S33,Pall,Churchward
S34,Raimundo,Rennolds
S35,Lazarus,Maddox
S36,Doralia,Fredy
S37,Sibelle,Borsay
S38,York,Bradtke
S39,Theodor,Daye
S40,Hamilton,Clarkin
S41,Mufi,Matitiaho
S42,Fara,Klasing
S43,Candace,Muscat
S44,Josi,Durnan
S45,Shayla,Adger
S46,Juana,McCaster
S47,Sigfrid,Glozman
S48,Lem,Janous
S49,Sammy,Fenemore
S50,Bianka,Pietruszka
S51,Megan,Bouldstridge
S52,Margette,Diament
S53,Elsa,Buckston
S54,Cesya,Burdin
S55,Corinne,Halls
S56,Clint,Bourdice
S57,Mace,Scopes
S58,Fiona,Gabriel
S59,Carmelle,Traut
S60,Elyn,Pusill
S61,Tirrell,McMickan
S62,Dosi,Quennell
S63,Nan,Bach
S64,Blisse,Fiddy
S65,Lucine,Withnall
S66,Analiese,Giroldi
S67,Marnie,Dawidsohn
S68,Selig,Pear
S69,Elie,Apple
S70,Richie,Basden
S71,Mercie,D'Elia
S72,Chrissy,Oyley
S73,Linnet,Lurcock
S74,Amos,Joliffe